PRODUCT,SYMBOOL | ISIN,VALUTA,LAATST,+/-,+/- %,SLOT,LAAG,HOOG,LAATSTE,
KV,XS1218821756,EUR,"% 98,05","+0,05","+0,05%","97,994","98,00","98,05",13:05:58,R
AAB 1%16APR25B,,,,,,,,,,
KV,ES0211845310,EUR,"% 93,82","-0,12","-0,12%","93,941","93,485","93,82",17:00:06,R
ABERTIS INFRA. 16-27B,,,,,,,,,,
KV,XS1114159277,EUR,"% 97,27","-0,45","-0,46%","97,721","97,14","97,37",17:00:07,R
ADIDAS AG ANL. 14/26D,,,,,,,,,,
KV,XS1720933297,EUR,% —,—,—%,"98,777",—,—,—,R
AGN 0.375%21NOV24D,,,,,,,,,,
KV,FR0013284908,EUR,"% 92,42","-0,08","-0,08%","92,50","92,34","92,45",17:20:04,R
ARKEA HOME LOANS 17/27MTNB,,,,,,,,,,
KV,BE0002844257,EUR,"% 99,63","+1,53","+1,56%","98,10","99,63","99,63",09:36:32,R
ATENOR4.625%5APR28D,,,,,,,,,,
KV,AT0000A04967,EUR,% —,—,—%,"110,096",—,—,—,R
"AUSTR4,15%15MAR37B",,,,,,,,,,
KV,OETM | AT0000A0DXC2,EUR,"% 102,00","-0,73","-0,71%","102,73","102,00","102,00",17:00:23,R
AUSTRIA 09/26 MTN 144AA,,,,,,,,,,
KV,OETP | AT0000A1XML2,EUR,"% 72,73","-0,16","-0,22%","72,896","70,50","72,90",17:10:48,R
AUSTRIA 17/2117 MTNB,,,,,,,,,,
KV,OETK | AT0000A04967,EUR,"% 109,16","-0,93","-0,85%","110,096","108,91","110,39",17:00:23,R
AUSTRIA 2037 MTN 144AB,,,,,,,,,,
KV,AUTAN | AT0000A1K9F1,EUR,% —,—,—%,"72,005",—,—,—,R
AUT1.50%20FEV2047B,,,,,,,,,,
KV,AUTAF | AT0000A10683,EUR,% —,—,—%,"94,747",—,—,—,R
AUT2.40%23MAY2034A,,,,,,,,,,
KV,AT0000A0DXC2,EUR,"% 102,76","+0,03","+0,02%","102,73","102,76","102,76",11:11:35,R
AUTRI4.85%15MAR26A,,,,,,,,,,
KV,DE000A2YN2H9,EUR,"% 98,12","-1,03","-1,04%","99,158","98,12","98,12",10:12:57,R
AVES SCHIENE IHS 19/24D,,,,,,,,,,
KV,XS0188935174,EUR,% —,—,—%,"96,71",—,—,—,R
AXA FRNPLD,,,,,,,,,,
KV,XS0203470157,EUR,% —,—,—%,"92,452",—,—,—,R
AXA FRNPLB,,,,,,,,,,
KV,AXAJ | XS0179060974,EUR,"% 91,28","0,00","0,00%","91,284","90,78","91,28",17:00:15,R
AXA S.A 03/UND. FLR MTNC,,,,,,,,,,
KV,AXAL | XS0207825364,EUR,"% 94,00","-0,54","-0,57%","94,546","93,30","94,00",17:00:23,R
AXA S.A 04/UND. FLR MTND,,,,,,,,,,
KV,I9BM | IT0003934657,EUR,"% 100,55","+0,55","+0,55%","99,992","99,57","100,55",10:22:15,R
B.T.P. 05-37B,,,,,,,,,,
KV,I9BN | IT0004889033,EUR,"% 104,86","-0,53","-0,50%","105,391","104,86","104,86",10:12:57,R
B.T.P. 13-28D,,,,,,,,,,
KV,I0TE | IT0004923998,EUR,"% 105,05","-0,54","-0,51%","105,593","105,05","105,05",10:12:57,R
B.T.P. 13-44D,,,,,,,,,,
KV,I0TD | IT0005024234,EUR,"% 99,79","-0,51","-0,51%","100,303","99,79","99,79",10:12:57,R
B.T.P. 14-30B,,,,,,,,,,
KV,I0BB | IT0005090318,EUR,"% 97,80","-1,01","-1,02%","98,81","97,80","97,80",10:12:57,R
B.T.P. 15-25B,,,,,,,,,,
KV,I0BS | IT0005177909,EUR,"% 82,78","-0,41","-0,49%","83,19","82,78","82,78",10:12:57,R
B.T.P. 16-36D,,,,,,,,,,
KV,IE03 | IT0005162828,EUR,"% 76,57","-0,54","-0,70%","77,114","76,57","76,57",10:12:57,R
B.T.P. 16-47B,,,,,,,,,,
KV,IE0J | IT0005217390,EUR,"% 70,98","-0,59","-0,82%","71,57","70,98","70,98",10:12:57,R
B.T.P. 16-67C,,,,,,,,,,
KV,I9AX | IT0005274805,EUR,"% 95,94","-0,54","-0,56%","96,483","95,94","95,94",10:12:57,R
B.T.P. 17-27B,,,,,,,,,,
KV,IE0S | IT0005240350,EUR,"% 89,48","-0,42","-0,46%","89,902","89,48","89,48",10:12:57,R
B.T.P. 17-33C,,,,,,,,,,
KV,IT0005345183,EUR,"% 98,42","-0,51","-0,52%","98,938","98,42","98,42",10:12:57,R
B.T.P. 18-25B,,,,,,,,,,
KV,IT0005340929,EUR,"% 97,36","-0,52","-0,53%","97,885","97,36","97,36",10:12:57,R
B.T.P. 18-28B,,,,,,,,,,
KV,IT0005321325,EUR,"% 87,30","-0,06","-0,07%","87,364","87,30","87,30",10:12:57,R
B.T.P. 18-38D,,,,,,,,,,
KV,I9AI | IT0001086567,EUR,"% 108,30","-0,52","-0,48%","108,823","108,30","108,30",10:12:57,R
B.T.P. 2026 01.11C,,,,,,,,,,
KV,I9A0 | IT0001174611,EUR,"% 109,55","-0,54","-0,49%","110,092","109,55","109,55",10:12:57,R
B.T.P. 2027 01.11C,,,,,,,,,,
KV,I9AN | IT0001278511,EUR,"% 108,39","-0,54","-0,50%","108,937","108,39","108,39",10:12:57,R
B.T.P. 2029 01.11C,,,,,,,,,,
KV,I9AW | IT0003256820,EUR,"% 113,89","-0,39","-0,34%","114,284","113,89","113,89",10:12:57,R
B.T.P. 2033C,,,,,,,,,,
KV,BAYJ | DE000A11QR73,EUR,"% 99,79","-0,27","-0,27%","100,062","99,79","99,84",26-06-24,R
BAYER AG 2014/2074B,,,,,,,,,,
KV,FR0000047797,EUR,% —,—,—%,"555,56",—,—,—,R
BBRETTPFRN29MAY49D,,,,,,,,,,
KV,B0D1 | DE000A2E4A94,EUR,"% 98,00","0,00","0,00%","98,00","98,00","98,00",10:12:57,R
BDT MEDIA AUTOM.ANL 17/24D,,,,,,,,,,
KV,DE000BHY0GS9,EUR,"% 90,94","+0,01","+0,01%","90,93","90,77","90,94",17:10:48,R
BERLIN HYP AG IS114A,,,,,,,,,,
KV,BTG4 | DE0005229942,EUR,"% 267,20","0,00","0,00%","267,20","267,20","270,00",17:20:02,R
BERTELSMANN GEN.2001B,,,,,,,,,,
KV,UC07 | XS0211568331,EUR,"% 83,00","-5,98","-6,72%","88,985","83,00","83,00",08:23:46,R
BK SCOTLAND 05/35FLR MTND,,,,,,,,,,
KV,BN0J | XS1309529680,EUR,"% 90,57","+0,22","+0,24%","90,345","90,57","90,57",08:23:46,R
BNG BK 15/30 MTNF,,,,,,,,,,
KV,CH0031409177,CHF,% —,—,—%,—,—,—,—,R
"BNG CHF 3,25%37F",,,,,,,,,,
KV,TPB | FR0000140063,EUR,% —,—,—%,"134,00",—,—,—,R
BNPPARTPFRND,,,,,,,,,,
KV,BNPAQ | FR0000047664,EUR,% —,—,—%,"128,70",—,—,—,R
BNPPARTPFRN29JUL49D,,,,,,,,,,
KV,FR0000572646,EUR,% —,—,—%,"94,798",—,—,—,R
BNPTMOFRN29OCT49B,,,,,,,,,,
KV,BPCSM | FR0013179223,EUR,"% 97,89","-0,19","-0,19%","98,085","97,89","97,90",12:04:26,R
BPCE3%19JUL2026D,,,,,,,,,,
KV,XS0212581564,EUR,% —,—,—%,"79,00",—,—,—,R
BQ FEDERA FRNPLD,,,,,,,,,,
KV,BS80 | DE0001104909,EUR,"% 99,535","+0,02","+0,02%","99,507","99,50","99,535",17:24:48,R
BUND SCHATZANW. 22/24F,,,,,,,,,,
KV,BS79 | DE0001104891,EUR,"% 99,463","+0,01","+0,01%","99,451","99,45","99,48",17:01:31,R
BUND SCHATZANW. 22/24F,,,,,,,,,,
KV,BS84 | DE000BU22023,EUR,"% 99,945","0,00","0,00%","99,949","99,925","99,96",17:00:08,R
BUND SCHATZANW. 23/25A,,,,,,,,,,
KV,BS82 | DE000BU22007,EUR,"% 99,43","0,00","0,00%","99,423","99,41","99,46",17:00:08,R
BUND SCHATZANW. 23/25F,,,,,,,,,,
KV,BB14 | DE0001135143,EUR,"% 118,788","-0,09","-0,08%","118,883","118,378","118,74",17:10:35,R
BUNDANL.V. 00/30F,,,,,,,,,,
KV,BB17 | DE0001135176,EUR,"% 117,497","-0,06","-0,05%","117,564","117,074","117,53",17:10:35,R
BUNDANL.V. 00/31F,,,,,,,,,,
KV,BB22 | DE0001135226,EUR,"% 119,312","+0,03","+0,03%","119,275","118,684","119,314",17:10:35,R
BUNDANL.V. 03/34F,,,,,,,,,,
KV,BB27 | DE0001135275,EUR,"% 114,309","+0,11","+0,09%","114,198","113,813","114,309",17:10:35,R
BUNDANL.V. 05/37F,,,,,,,,,,
KV,BB32 | DE0001135325,EUR,"% 118,879","+0,15","+0,13%","118,724","118,312","118,881",17:10:35,R
BUNDANL.V. 07/39 IF,,,,,,,,,,
KV,BB36 | DE0001135366,EUR,"% 126,228","+0,13","+0,10%","126,093","125,628","126,228",17:10:35,R
BUNDANL.V. 08/40F,,,,,,,,,,
KV,BB43 | DE0001135432,EUR,"% 107,259","+0,15","+0,14%","107,10","106,527","107,259",17:10:35,R
BUNDANL.V. 10/42F,,,,,,,,,,
KV,BB48 | DE0001135481,EUR,"% 96,445","+0,17","+0,18%","96,266","95,702","96,569",17:10:35,R
BUNDANL.V.12/44F,,,,,,,,,,
KV,BB54 | DE0001102341,EUR,"% 96,363","+0,23","+0,23%","96,133","95,514","96,471",17:10:35,R
BUNDANL.V.14/46F,,,,,,,,,,
KV,BB58 | DE0001102382,EUR,"% 97,735","+0,01","+0,01%","97,716","97,71","97,765",17:00:07,R
BUNDANL.V.15/25F,,,,,,,,,,
KV,BB57 | DE0001102374,EUR,"% 98,325","0,00","0,00%","98,32","98,32","98,33",17:00:06,R
BUNDANL.V.15/25F,,,,,,,,,,
KV,BB60 | DE0001102408,EUR,"% 94,425","0,00","0,00%","94,427","94,34","94,425",17:00:07,R
BUNDANL.V.16/26F,,,,,,,,,,
KV,BB59 | DE0001102390,EUR,"% 96,255","+0,01","+0,01%","96,243","96,21","96,27",17:00:07,R
BUNDANL.V.16/26F,,,,,,,,,,
KV,BB63 | DE0001102424,EUR,"% 93,745","-0,09","-0,09%","93,836","93,668","93,756",17:10:35,R
BUNDANL.V.17/27F,,,,,,,,,,
KV,BB62 | DE0001102416,EUR,"% 93,975","-0,02","-0,02%","93,995","93,905","93,98",17:00:07,R
BUNDANL.V.17/27F,,,,,,,,,,
KV,BB64 | DE0001102432,EUR,"% 74,538","+0,21","+0,28%","74,328","73,803","74,538",17:10:35,R
BUNDANL.V.17/48F,,,,,,,,,,
KV,BB69 | DE0001102481,EUR,"% 50,361","+0,16","+0,33%","50,192","49,608","50,361",17:10:35,R
BUNDANL.V.19/50F,,,,,,,,,,
KV,BB73 | DE0001102507,EUR,"% 86,375","+0,04","+0,05%","86,329","86,193","86,377",17:10:35,R
BUNDANL.V.20/30F,,,,,,,,,,
KV,BB77 | DE0001102556,EUR,"% 89,813","0,00","0,00%","89,805","89,693","89,815",17:10:35,R
BUNDANL.V.21/28F,,,,,,,,,,
KV,BB80 | DE0001102572,EUR,"% 47,955","+0,19","+0,40%","47,763","47,393","48,052",17:10:35,R
BUNDANL.V.21/52F,,,,,,,,,,
KV,BB82 | DE0001102580,EUR,"% 83,265","+0,04","+0,05%","83,223","83,061","83,266",17:10:35,R
BUNDANL.V.22/32F,,,,,,,,,,
KV,BB87 | DE0001102614,EUR,"% 82,094","+0,22","+0,27%","81,866","81,297","82,094",17:10:35,R
BUNDANL.V.22/53F,,,,,,,,,,
KV,BB04 | DE0001135044,EUR,"% 110,795","-0,05","-0,04%","110,849","110,69","110,795",17:00:07,R
BUNDANL.V.97/27F,,,,,,,,,,
KV,BB08 | DE0001135085,EUR,"% 108,107","-0,13","-0,12%","108,244","108,00","108,15",17:10:35,R
BUNDANL.V.98/07.28 IIF,,,,,,,,,,
KV,BO80 | DE0001141802,EUR,"% 99,115","+0,05","+0,05%","99,062","99,04","99,115",17:16:54,R
BUNDESOBL.V.19/24 S.180F,,,,,,,,,,
KV,BO81 | DE0001141810,EUR,"% 97,60","0,00","0,00%","97,604","97,575","97,69",17:02:07,R
BUNDESOBL.V.20/25 S.181F,,,,,,,,,,
KV,BO82 | DE0001141828,EUR,"% 96,325","+0,01","+0,01%","96,307","96,295","96,34",17:00:07,R
BUNDESOBL.V.20/25 S.182F,,,,,,,,,,
KV,BO83 | DE0001141836,EUR,"% 95,165","-0,01","-0,01%","95,177","95,105","95,18",17:00:07,R
BUNDESOBL.V.21/26 S.183A,,,,,,,,,,
KV,ACAMZ | FR0013423753,EUR,"% 85,72","-0,62","-0,72%","86,346","85,72","85,72",14:53:12,R
CASA1.00%26JUL2029C,,,,,,,,,,
KV,ACAMV | FR0013413341,EUR,% —,—,—%,"87,733",—,—,—,R
CASA1.15%7MAY29D,,,,,,,,,,
KV,ACALV | FR0013279635,EUR,% —,—,—%,"92,056",—,—,—,R
CASA1.25%24OCT27D,,,,,,,,,,
KV,ACALY | FR0013327426,EUR,"% 89,50","-1,64","-1,80%","91,144","89,50","89,50",17:01:18,R
CASA1.35%4MAY28D,,,,,,,,,,
KV,ACAMI | FR0013383015,EUR,"% 88,50","-2,23","-2,46%","90,733","88,50","88,50",11:35:58,R
CASA1.5%20DEC2028D,,,,,,,,,,
KV,ACALX | FR0013298155,EUR,% —,—,—%,"91,741",—,—,—,R
CASA1.6%21DEC27D,,,,,,,,,,
KV,ACAMW | FR0013413960,EUR,% —,—,—%,"89,727",—,—,—,R
CASA1.7%7MAY2029D,,,,,,,,,,
KV,ACALG | FR0013192762,EUR,"% 96,61","+0,19","+0,19%","96,419","96,27","96,61",14:52:13,R
CASA2.30%24OCT2026D,,,,,,,,,,
KV,ACALH | FR0013218849,EUR,"% 96,36","-0,57","-0,59%","96,933","96,36","96,36",14:13:27,R
CASA2.50%22DEC2026D,,,,,,,,,,
KV,ACALB | FR0013166477,EUR,"% 98,00","+0,19","+0,19%","97,808","97,87","98,14",16:59:05,R
CASA2.80%21JUL2026D,,,,,,,,,,
KV,ACAKI | FR0012395689,EUR,"% 99,50","+0,16","+0,16%","99,333","99,46","99,50",16:06:20,R
CASA3%2FEB2025D,,,,,,,,,,
KV,ACAKG | FR0012304459,EUR,"% 99,55","0,00","0,00%","99,555","99,50","99,55",12:11:19,R
CASA3.00%22DEC2024D,,,,,,,,,,
KV,CFFBI | FR0010913749,EUR,% —,—,—%,"100,65",—,—,—,R
CFF4%24OCT25D,,,,,,,,,,
KV,CMNEB | FR0012616894,EUR,"% 94,09","-0,91","-0,95%","95,00","93,36","96,36",13:19:56,R
CMNE2.75%27APR27D,,,,,,,,,,
KV,CMNEA | FR0012304442,EUR,"% 98,00","0,00","0,00%","98,00","97,00","98,00",16:18:49,R
CMNE3.40%22DEC26D,,,,,,,,,,
KV,X0DU | DE000CZ40MB7,EUR,"% 92,50","-0,06","-0,06%","92,564","92,425","92,52",17:20:04,R
COBA MTH S.P18D,,,,,,,,,,
KV,DE000CZ40LD5,EUR,"% 100,10","-0,02","-0,02%","100,129","100,05","100,18",17:10:48,R
COBA T2 NACHRANG 16/26D,,,,,,,,,,
KV,CA5C | FR0013267473,EUR,"% 93,16","-0,06","-0,06%","93,224","93,08","93,17",17:00:06,R
CRE.AGR.PUB.SEC.SCF 17/27D,,,,,,,,,,
KV,PTVAIAOM0003,EUR,% —,—,—%,—,—,—,—,ED
"CUF 4,75% 11DEC29D",,,,,,,,,,
KV,D1PA | DE000A0DEN75,EUR,"% 82,30","-1,35","-1,62%","83,659","82,30","82,30",17:10:48,R
D.POSTBANK FDG TR.04/UND.D,,,,,,,,,,
KV,DLWB | DE000A2TSCP0,EUR,"% 1,60","+0,85","+113,33%","0,75","0,75","1,60",15:16:45,R
DEUT.LICHTM. EE-ANL.19/25D,,,,,,,,,,
KV,DPWB | XS0862952297,EUR,"% 99,70","+0,02","+0,02%","99,673","99,70","99,70",08:23:46,R
DEUTSCHE POST MTN.12/24B,,,,,,,,,,
KV,DR03 | DE000A2YN3Q8,EUR,"% 100,15","-0,35","-0,34%","100,50","100,15","100,15",17:10:48,R
DEUTSCHE ROHSTOFF 19/24D,,,,,,,,,,
KV,FR0000047821,EUR,% —,—,—%,"179,00",—,—,—,R
DIACTPFRN29OCT49D,,,,,,,,,,
KV,DE000A0D24Z1,EUR,% —,—,—%,"83,528",—,—,—,R
DPOSTB FT3 FRNPLC,,,,,,,,,,
KV,XS1309518998,EUR,"% 97,26","-0,26","-0,27%","97,524","97,26","97,26",10:12:57,R
DT. BAHN FIN. 15/25 MTNA,,,,,,,,,,
KV,ZUXR | DE000DB7XJJ2,EUR,"% 99,20","+0,03","+0,03%","99,169","99,20","99,20",15:21:43,R
DT.BANK MTN 15/25C,,,,,,,,,,
KV,ZUXS | DE000DL40SR8,EUR,"% 100,70","-0,50","-0,49%","101,201","100,155","100,70",17:00:07,R
DT.BANK MTN 16/26C,,,,,,,,,,
KV,DE000DL19T26,EUR,"% 94,075","-0,06","-0,06%","94,138","93,98","94,075",17:00:15,R
DT.BANK MTN 18/28B,,,,,,,,,,
KV,DB0A | DE000A2AAVM5,EUR,"% 97,00","0,00","0,00%","97,00","97,00","97,00",10:12:57,R
DT.BILDUNG STUD ANL16/26D,,,,,,,,,,
KV,DB0B | DE000A2E4PH3,EUR,"% 97,00","-3,00","-3,00%","100,00","97,00","97,00",08:07:42,R
DT.BILDUNG STUD ANL17/27D,,,,,,,,,,
KV,DE000A0B1K04,EUR,"% 97,543","+0,01","+0,01%","97,53","97,543","97,543",12:10:36,R
DT.PFBR.BANK 05/25 EOD,,,,,,,,,,
KV,PBBV | DE000A13SWG1,EUR,"% 79,46","+0,11","+0,13%","79,35","79,09","79,46",17:10:48,R
DT.PFBR.BANK MTN R25072D,,,,,,,,,,
KV,DE000A2DAST0,EUR,"% 92,50","-0,65","-0,69%","93,15","92,50","94,05",17:00:07,R
DT.PFBR.BANK MTN.35277D,,,,,,,,,,
KV,RWEB | XS0162513211,EUR,"% 114,42","-1,03","-0,89%","115,453","114,42","114,42",10:12:57,R
E.ON INTL FIN. MTN 03/33D,,,,,,,,,,
KV,EDFAQ | FR0010891317,EUR,% —,—,—%,"104,515",—,—,—,R
EDF4.625%26APR30D,,,,,,,,,,
KV,EF8G | EU000A1G0DE2,EUR,"% 97,20","-0,31","-0,32%","97,519","97,20","97,20",10:12:57,R
EFSF 15/25 MTNA,,,,,,,,,,
KV,XS0878008225,EUR,"% 96,36","+0,32","+0,33%","96,038","95,92","96,36",17:17:01,R
EIB EUR.INV.BK 13/35 MTNB,,,,,,,,,,
KV,XS1612977717,EUR,"% 85,32","-0,53","-0,62%","85,858","85,32","85,32",10:12:57,R
EIB EUR.INV.BK 17/33 MTNA,,,,,,,,,,
KV,XS0224480722,EUR,% —,—,—%,"81,90",—,—,—,R
EIB FRN17AUG30DD,,,,,,,,,,
KV,XS0229097547,EUR,% —,—,—%,"95,40",—,—,—,R
EIB FX/FL FRNOCT25D,,,,,,,,,,
KV,BEIAJ | XS0219724878,EUR,% —,—,—%,"109,375",—,—,—,R
EIB4%15OCT37B,,,,,,,,,,
KV,AT0000A19NR2,EUR,"% 100,40","+2,25","+2,29%","98,15","100,40","100,40",17:23:14,R
ERSTE GP BNK 14-25 MTND,,,,,,,,,,
KV,AT0000A1FW01,EUR,"% 98,45","0,00","0,00%","98,45","98,45","98,45",17:10:48,R
ERSTE GP BNK 15-25 FLRD,,,,,,,,,,
KV,AT0000A1U9K9,EUR,"% 95,40","+1,20","+1,27%","94,20","95,40","95,40",17:10:48,R
ERSTE GP BNK 17-27 FLRD,,,,,,,,,,
KV,AT0000A1QE42,EUR,"% 95,35","+0,25","+0,26%","95,10","95,35","95,35",17:10:48,R
ERSTE GP BNK 17-27 FLRD,,,,,,,,,,
KV,INGPG | XS2089974245,EUR,"% 101,45","+0,06","+0,05%","101,39","101,01","102,22",17:30:00,R
ESD3E STN1226GD,,,,,,,,,,
KV,ESMH | EU000A1U9894,EUR,"% 97,15","-0,23","-0,24%","97,389","97,15","97,15",10:12:58,R
ESM 15/25 MTNA,,,,,,,,,,
KV,EU000A1U9902,EUR,"% 77,42","-0,04","-0,06%","77,468","76,91","77,56",17:20:04,R
ESM 15/45 MTNA,,,,,,,,,,
KV,EU000A1U9936,EUR,"% 71,28","-0,46","-0,64%","71,741","71,28","71,28",10:12:57,R
ESM 15/55 MTNA,,,,,,,,,,
KV,EU000A1U9944,EUR,"% 95,75","-0,15","-0,16%","95,905","95,75","95,75",13:01:30,R
ESM 16/26 MTNA,,,,,,,,,,
KV,EU000A1U9969,EUR,"% 87,62","-0,03","-0,04%","87,656","87,38","87,67",17:20:04,R
ESM 16/32 MTNA,,,,,,,,,,
KV,EU000A1U9977,EUR,"% 66,85","-0,51","-0,76%","67,363","66,40","66,96",17:20:04,R
ESM 16/42 MTNA,,,,,,,,,,
KV,DIOKRE 9.5 10/01/26 | DE000A2NBY22,EUR,"% 51,00","-1,00","-1,92%","52,00","51,00","51,00",10:12:57,R
ESPG AG ANL 18/26D,,,,,,,,,,
KV,BCNSB | PTCON2OE0007,EUR,% —,—,—%,"79,06",—,—,—,R
ESTADO 3%PLD,,,,,,,,,,
KV,EU000A3KTGV8,EUR,"% 94,30","-0,01","-0,01%","94,315","94,25","94,30",17:00:06,R
EU 21/26 MTNF,,,,,,,,,,
KV,E2BS | DE0001345908,EUR,"% 93,335","-0,24","-0,26%","93,581","93,335","93,335",11:43:17,R
EUROP. INV.BK 96/26ZOA,,,,,,,,,,
KV,BFCPT | PTFCPTOM0019,EUR,"% 98,00","0,00","0,00%","98,00","98,00","98,00",09:00:25,R
"FCP 5,25%13APR25D",,,,,,,,,,
KV,BFCPY | PTFCPYOM0004,EUR,"% 98,50","0,00","0,00%","98,50","98,50","98,50",13:32:29,R
"FCP 6,25% 7DEC26D",,,,,,,,,,
KV,BFNI1 | PTFNI1OM0011,EUR,% —,—,—%,"75,00",—,—,—,R
FINIBANCO FRNPLDD,,,,,,,,,,
KV,F1X4 | FI4000391529,EUR,"% 99,337","-0,03","-0,03%","99,371","99,337","99,337",08:23:46,R
FINNLD 19/24A,,,,,,,,,,
KV,FVEAB | FR0013433992,EUR,% —,—,—%,"106,50",—,—,—,R
FONVER4.5%18JUL25D,,,,,,,,,,
KV,DE000A3E46B7,EUR,"% 35,00","-2,50","-6,66%","37,50","35,00","35,00",30-05-24,R
FORESTFINANC ANL 20/30D,,,,,,,,,,
KV,FR0014001NN8,EUR,"% 36,75","+0,44","+1,22%","36,306","35,51","36,75",17:10:48,R
FRANKREICH 21/72F,,,,,,,,,,
KV,F3DB | XS1711989928,EUR,"% 105,49","-15,00","-12,45%","120,494","105,49","105,49",10:12:57,R
FUGRO 17/24 CVD,,,,,,,,,,
KV,DE000A0EUBN9,EUR,% —,—,—%,—,—,—,—,R
FURSTENB2 5 5/8%PLD,,,,,,,,,,
KV,NGIAD | FR0011022474,EUR,"% 120,00","-0,52","-0,43%","120,526","120,00","120,00",11:09:44,R
GDF5.950%16MAR2111B,,,,,,,,,,
KV,ES0000095853,EUR,"% 104,61","+0,49","+0,47%","104,112","104,61","104,61",10:12:57,R
GEN. CATALUNYA 04-34C,,,,,,,,,,
KV,ES0000095879,EUR,"% 102,90","+2,19","+2,17%","100,709","102,90","102,90",14:16:43,R
GEN. CATALUNYA 05-35D,,,,,,,,,,
KV,GCPJ | XS0229567440,EUR,"% 103,50","-0,20","-0,19%","103,70","102,53","103,50",14:49:47,R
GENERAL ELECT. 05/35 MTNA,,,,,,,,,,
KV,GIEB | FR0010014845,EUR,"% 114,36","-1,22","-1,06%","115,589","114,36","114,36",10:12:57,R
GIE PSA TRES. 03/33C,,,,,,,,,,
KV,BTGNV | PTGNVGOM0004,EUR,"% 101,25","+0,25","+0,24%","101,00","100,85","101,50",16:24:37,R
"GREEN 5,2% 18NOV27D",,,,,,,,,,
KV,DE000A161MR9,EUR,"% 10,00",—,—%,—,"10,00","10,00",07-04-22,R
GREEN CITY ENER.IHS.15/33D,,,,,,,,,,
KV,BGNVA | PTGNVAOM0000,EUR,% —,—,—%,"97,19",—,—,—,R
"GREEN2,625%10NOV28D",,,,,,,,,,
KV,DE000A289YQ5,EUR,"% 101,60","+0,35","+0,34%","101,25","101,60","101,60",17:10:48,R
GREENCELLS IHS.20/25D,,,,,,,,,,
KV,XS2155486942,EUR,"% 99,95","+0,19","+0,19%","99,752","99,90","100,20",17:17:01,R
GRENKE FIN. 20/25 MTNC,,,,,,,,,,
KV,GR0128012698,EUR,"% 101,90","+1,69","+1,69%","100,202","101,90","101,90",12:11:06,R
GRIECHENLAND 12-25 3D,,,,,,,,,,
KV,GR0128013704,EUR,"% 99,73","-0,27","-0,27%","100,00","99,73","99,73",12:11:00,R
GRIECHENLAND 12-26 4D,,,,,,,,,,
KV,GR0128014710,EUR,"% 100,00","-0,05","-0,05%","100,05","100,00","100,02",17:00:15,R
GRIECHENLAND 12-27 5D,,,,,,,,,,
KV,GR0133006198,EUR,"% 98,30","+0,40","+0,40%","97,90","98,30","98,35",17:00:15,R
GRIECHENLAND 12-28 6D,,,,,,,,,,
KV,GR0133007204,EUR,"% 98,55","-0,32","-0,32%","98,87","98,55","98,60",17:00:15,R
GRIECHENLAND 12-29 7D,,,,,,,,,,
KV,GR0133008210,EUR,"% 99,15","-0,97","-0,96%","100,12","99,15","99,20",17:00:15,R
GRIECHENLAND 12-30 8D,,,,,,,,,,
KV,GR0133009226,EUR,"% 94,55","-4,45","-4,49%","99,00","94,25","98,90",17:00:15,R
GRIECHENLAND 12-31 9D,,,,,,,,,,
KV,GR0133010232,EUR,"% 96,56","+0,80","+0,83%","95,76","96,55","96,56",15:14:07,R
GRIECHENLAND 12-32 10D,,,,,,,,,,
KV,GR0138005716,EUR,"% 96,55","-0,40","-0,41%","96,95","96,55","96,60",17:00:15,R
GRIECHENLAND 12-33 11D,,,,,,,,,,
KV,GR0138006722,EUR,"% 98,87","+0,02","+0,02%","98,85","98,87","98,87",15:14:26,R
GRIECHENLAND 12-34 12D,,,,,,,,,,
KV,GR0138007738,EUR,"% 99,00","+1,85","+1,90%","97,15","96,55","99,01",17:00:15,R
GRIECHENLAND 12-35 13D,,,,,,,,,,
KV,GR0138008744,EUR,"% 97,50","0,00","0,00%","97,50","97,50","97,50",17:00:15,R
GRIECHENLAND 12-36 14D,,,,,,,,,,
KV,GR0138009759,EUR,"% 96,65","0,00","0,00%","96,65","96,65","97,00",15:14:35,R
GRIECHENLAND 12-37 15D,,,,,,,,,,
KV,GR0138010765,EUR,"% 95,65","0,00","0,00%","95,65","95,65","95,65",12:06:06,R
GRIECHENLAND 12-38 16D,,,,,,,,,,
KV,GR0138011771,EUR,"% 96,76","0,00","0,00%","96,76","96,76","97,01",16:34:13,R
GRIECHENLAND 12-39 17D,,,,,,,,,,
KV,GR0138012787,EUR,"% 98,30","+2,05","+2,13%","96,25","98,30","98,30",16:36:36,R
GRIECHENLAND 12-40 18D,,,,,,,,,,
KV,GR0138013793,EUR,"% 95,10","-0,45","-0,47%","95,55","95,10","99,00",17:00:15,R
GRIECHENLAND 12-41 19D,,,,,,,,,,
KV,GR0138014809,EUR,"% 96,56","0,00","0,00%","96,56","96,56","96,56",15:14:12,R
GRIECHENLAND 12-42 20D,,,,,,,,,,
KV,GR0124034688,EUR,"% 102,80","-0,05","-0,05%","102,859","102,70","102,80",17:20:04,R
GRIECHENLAND 17-28D,,,,,,,,,,
KV,GR0128015725,EUR,"% 103,26","+0,06","+0,05%","103,199","102,22","103,26",17:00:06,R
GRIECHENLAND 17-33C,,,,,,,,,,
KV,GR0133011248,EUR,"% 102,30","+0,22","+0,21%","102,077","101,55","102,37",17:00:07,R
GRIECHENLAND 17-37C,,,,,,,,,,
KV,GR0138015814,EUR,"% 102,19","-0,62","-0,60%","102,815","101,18","103,50",17:20:04,R
GRIECHENLAND 17-42C,,,,,,,,,,
KV,GR0118017657,EUR,"% 99,55","-0,50","-0,50%","100,053","99,55","99,55",17:00:15,R
GRIECHENLAND 18-25D,,,,,,,,,,
KV,XS1629387462,EUR,"% 95,30","+0,11","+0,12%","95,185","95,25","95,30",17:00:07,R
HEIDMATFINLU 17/27D,,,,,,,,,,
KV,9HKA | DE000A3H3JV5,EUR,"% 94,75","-0,25","-0,26%","95,00","94,75","94,75",17:10:48,R
HEP GLOBAL 21/26D,,,,,,,,,,
KV,FR0000585333,EUR,% —,—,—%,"75,00",—,—,—,R
HSBCTSDIFRN29JUL49D,,,,,,,,,,
KV,XS1696445516,EUR,"% 93,44","-0,63","-0,67%","94,079","93,44","93,44",10:12:57,R
HUNGARY 17/27D,,,,,,,,,,
KV,DE000A19S801,EUR,"% 0,045","0,00","0,00%","0,045","0,045","0,045",15:54:32,R
HYLEA GROUP 17/22D,,,,,,,,,,
KV,DE000A2GSGU8,EUR,"% 100,80","-0,20","-0,19%","101,00","100,80","100,80",17:10:49,R
IKB DT.IND.BK.NRA 17/27D,,,,,,,,,,
KV,DE000A2E4Q88,EUR,"% 99,50","-0,85","-0,85%","100,355","99,50","99,50",17:10:49,R
IKB MTN 17/27D,,,,,,,,,,
KV,OIEB | IE00B4TV0D44,EUR,"% 101,00","-0,28","-0,27%","101,282","101,00","101,00",10:12:58,R
IRLAND 09-25B,,,,,,,,,,
KV,OIEQ | IE00BV8C9B83,EUR,"% 85,69","-0,23","-0,26%","85,921","85,69","85,69",08:23:46,R
IRLAND 17/37A,,,,,,,,,,
KV,IE00BKFVC568,EUR,"% 92,90","-0,03","-0,03%","92,935","92,84","92,92",17:17:01,R
IRLAND 20/27A,,,,,,,,,,
KV,OIED | IE00BKFVC899,EUR,"% 85,11","-0,26","-0,31%","85,375","85,11","85,21",11:46:02,R
IRLAND 20/30A,,,,,,,,,,
KV,IE00BKFVC345,EUR,"% 76,62","-0,06","-0,08%","76,684","76,14","76,62",17:17:01,R
IRLAND 20/35A,,,,,,,,,,
KV,OIEP | IE00BV8C9418,EUR,"% 96,14","-0,36","-0,37%","96,504","96,12","96,14",16:00:10,R
IRLAND 2026A,,,,,,,,,,
KV,OIEC | IE00BJ38CR43,EUR,"% 98,55","+0,47","+0,48%","98,076","97,41","98,55",14:01:45,R
IRLAND 2030A,,,,,,,,,,
KV,OIEK | IE00BV8C9186,EUR,"% 83,01","0,00","0,00%","83,01","82,37","83,04",17:00:06,R
IRLAND 2045A,,,,,,,,,,
KV,IE00BMQ5JL65,EUR,"% 81,92","+0,04","+0,05%","81,875","81,20","81,92",17:17:01,R
IRLAND 21/31A,,,,,,,,,,
KV,IE00BMD03L28,EUR,"% 82,07","+0,01","+0,02%","82,051","81,65","82,08",17:20:04,R
IRLAND 22/32A,,,,,,,,,,
KV,IE000GVLBXU6,EUR,"% 98,28","+0,23","+0,23%","98,048","97,52","98,33",17:00:06,R
IRLAND 23/43B,,,,,,,,,,
KV,IT0005386245,EUR,"% 98,251","-0,02","-0,02%","98,271","98,237","98,274",17:20:04,R
ITALIEN 19/25C,,,,,,,,,,
KV,IT0005370306,EUR,"% 97,77","+0,03","+0,03%","97,732","97,68","97,79",17:00:08,R
ITALIEN 19/26C,,,,,,,,,,
KV,IT0005358806,EUR,"% 95,27","+0,33","+0,35%","94,932","94,72","95,27",17:00:08,R
ITALIEN 19/35B,,,,,,,,,,
KV,IT0005377152,EUR,"% 87,82","+0,46","+0,53%","87,352","87,09","87,85",17:20:04,R
ITALIEN 19/40B,,,,,,,,,,
KV,IT0005363111,EUR,"% 92,74","+0,62","+0,67%","92,117","91,83","92,74",17:17:01,R
ITALIEN 19/49C,,,,,,,,,,
KV,IT0005398406,EUR,"% 71,47","+0,53","+0,75%","70,938","70,62","71,47",17:17:01,R
ITALIEN 19/50B,,,,,,,,,,
KV,IT0005416570,EUR,"% 93,13","+0,09","+0,10%","93,035","92,96","93,13",17:00:06,R
ITALIEN 20/27C,,,,,,,,,,
KV,IT0005413171,EUR,"% 88,87","-0,33","-0,37%","89,20","88,87","88,87",10:12:57,R
ITALIEN 20/30C,,,,,,,,,,
KV,IT0005421703,EUR,"% 71,52","+0,29","+0,41%","71,227","70,83","71,53",17:20:04,R
ITALIEN 20/41C,,,,,,,,,,
KV,IT0005425233,EUR,"% 60,00","+0,30","+0,50%","59,699","59,31","60,00",14:23:03,R
ITALIEN 20/51C,,,,,,,,,,
KV,IT0005452989,EUR,"% 99,646","0,00","0,00%","99,65","99,64","99,66",17:20:04,R
ITALIEN 21/24C,,,,,,,,,,
KV,ITGV | IT0005474330,EUR,"% 98,477","-0,02","-0,02%","98,503","98,464","98,495",17:20:04,R
ITALIEN 21/24B,,,,,,,,,,
KV,IT0005437147,EUR,"% 94,527","+0,03","+0,03%","94,491","94,447","94,529",17:20:04,R
ITALIEN 21/26B,,,,,,,,,,
KV,IT0005454241,EUR,"% 93,56","+0,06","+0,06%","93,498","93,46","93,57",17:20:04,R
ITALIEN 21/26B,,,,,,,,,,
KV,IT0005467482,EUR,"% 87,845","+0,15","+0,17%","87,692","87,59","87,86",17:20:04,R
ITALIEN 21/29C,,,,,,,,,,
KV,IT0005436693,EUR,"% 81,03","-0,50","-0,61%","81,533","81,03","81,03",10:12:57,R
ITALIEN 21/31C,,,,,,,,,,
KV,IT0005433195,EUR,"% 70,02","+0,33","+0,47%","69,69","69,44","70,03",17:10:48,R
ITALIEN 21/37D,,,,,,,,,,
KV,IT0005438004,EUR,"% 62,69","+0,31","+0,49%","62,38","61,96","62,69",17:17:01,R
ITALIEN 21/45C,,,,,,,,,,
KV,IT0005441883,EUR,"% 59,81","+0,26","+0,44%","59,543","58,97","59,90",17:20:04,R
ITALIEN 21/72D,,,,,,,,,,
KV,IT0005519787,EUR,"% 101,975","+0,09","+0,08%","101,884","101,655","101,985",17:20:04,R
ITALIEN 22/29C,,,,,,,,,,
KV,IT0005494239,EUR,"% 91,63","+0,32","+0,35%","91,302","91,14","91,65",17:20:04,R
ITALIEN 22/32B,,,,,,,,,,
KV,IT0005518128,EUR,"% 105,08","+0,38","+0,36%","104,699","104,50","105,10",17:20:04,R
ITALIEN 22/33C,,,,,,,,,,
KV,IT0005508590,EUR,"% 100,24","-0,52","-0,51%","100,76","100,24","100,24",10:12:57,R
ITALIEN 22/35B,,,,,,,,,,
KV,IT0005496770,EUR,"% 91,26","+0,45","+0,49%","90,81","90,57","91,28",17:20:04,R
ITALIEN 22/38D,,,,,,,,,,
KV,IT0005480980,EUR,"% 64,48","-0,54","-0,83%","65,024","64,48","64,48",10:12:57,R
ITALIEN 22/52B,,,,,,,,,,
KV,IT0005538597,EUR,"% 100,84","+0,04","+0,04%","100,799","100,74","100,88",17:00:06,R
ITALIEN 23/26B,,,,,,,,,,
KV,XS2378483494,EUR,"% 96,00","+1,52","+1,61%","94,479","95,99","96,00",12:43:10,R
IUTECREDIT 21/26D,,,,,,,,,,
KV,ES0000090466,EUR,"% 110,07",—,—%,—,"110,07","110,07",10:12:57,R
JUNTA DE ANDALUCIA 04-34C,,,,,,,,,,
KV,XS1484645616,EUR,"% 78,75","+1,23","+1,59%","77,514","78,75","78,75",10:12:58,R
KAERNT.AUSGL.-FDS 16-32ZOB,,,,,,,,,,
KV,AT0000A17Z60,EUR,"% 98,174","+0,13","+0,13%","98,04","98,00","98,174",17:20:04,R
KELAG-KAERNT.ELE.14-26MTND,,,,,,,,,,
KV,DE000NRW0LC9,EUR,"% 68,37","-1,11","-1,60%","69,483","67,70","68,78",17:20:04,R
LAND NRW MTN.LSA R.1468F,,,,,,,,,,
KV,LRBA | XS1615677280,EUR,"% 93,495","+0,03","+0,03%","93,465","93,41","93,525",17:20:04,R
LANDWIRT.R.BK 17/27 MTNF,,,,,,,,,,
KV,NL0000002707,NLG,% —,—,—%,—,—,—,—,R
"LEDGER3,5%29DEC49F",,,,,,,,,,
KV,XS1619567677,EUR,"% 93,10","-0,06","-0,07%","93,167","93,05","93,11",17:20:04,R
LITAUEN 17/27 MTND,,,,,,,,,,
KV,XS1619568139,EUR,"% 74,06","-0,64","-0,86%","74,707","74,06","74,36",17:17:01,R
LITAUEN 17/47 MTND,,,,,,,,,,
KV,XS1271836600,EUR,"% 99,45","+0,31","+0,31%","99,14","99,25","99,75",17:00:22,R
LUFTHANSA AG SUB.ANL15/75C,,,,,,,,,,
KV,DE000A2YNRD5,EUR,"% 50,00","0,00","0,00%","50,00","50,00","50,00",10:12:57,R
M OBJEKT RE ANL 19/24D,,,,,,,,,,
KV,DE000A289RN6,EUR,"% 99,17","-0,05","-0,05%","99,222","99,16","99,22",17:00:06,R
M.B.INT.FIN. 20/25 MTNB,,,,,,,,,,
KV,ES00001010K8,EUR,"% 101,35","-0,28","-0,27%","101,634","101,35","101,35",08:23:46,R
MADRID COMUN 23/33D,,,,,,,,,,
KV,DE000A169NC2,EUR,"% 93,51","-0,07","-0,08%","93,585","93,44","93,51",17:00:15,R
MERCEDESBENZ MTN 16/28A,,,,,,,,,,
KV,DE000A2GSLY0,EUR,"% 93,165","-0,06","-0,07%","93,233","93,065","93,165",17:00:15,R
MERCEDESBENZ MTN 17/27D,,,,,,,,,,
KV,DE000A2GSCW3,EUR,"% 91,70","-0,17","-0,19%","91,879","91,70","91,70",10:12:57,R
MERCEDESBENZ MTN 17/29B,,,,,,,,,,
KV,DE000A2GSCX1,EUR,"% 86,46","-0,02","-0,02%","86,483","85,64","86,46",17:00:06,R
MERCEDESBENZ MTN 17/37B,,,,,,,,,,
KV,MRKB | XS1152343668,EUR,"% 99,03","-0,49","-0,49%","99,523","99,03","99,03",08:23:46,R
MERCK KGAA SUB.ANL.14/74C,,,,,,,,,,
KV,XS1203941775,EUR,"% 98,383","-0,07","-0,07%","98,461","98,377","98,395",17:17:01,R
METRO MTN 15/25C,,,,,,,,,,
KV,BMENZ | PTMENZOM0004,EUR,% —,—,—%,"102,00",—,—,—,R
"MOTA 5,75% 20OCT27D",,,,,,,,,,
KV,MHYC | DE000MHB18J6,EUR,"% 92,83","-0,39","-0,42%","93,227","92,83","92,83",10:12:57,R
MUENCH.HYP.BK. MTN-PF1762D,,,,,,,,,,
KV,XS0439764191,EUR,"% 33,90","-0,25","-0,73%","34,15","33,90","33,90",10:12:57,R
NB FIN. 09/44 ZO MTND,,,,,,,,,,
KV,NL0010071189,EUR,"% 98,24","+0,24","+0,24%","98,00","97,71","98,24",16:44:23,R
NED 2.5%15JAN33F,,,,,,,,,,
KV,NL0000102234,EUR,"% 110,95","-0,12","-0,11%","111,072","110,61","111,69",17:04:49,R
NEDER4%15JAN37F,,,,,,,,,,
KV,AI261 | NL0000102317,EUR,"% 109,40","+0,32","+0,29%","109,076","108,95","109,40",16:53:57,R
"NEDER5,5%15JAN28F",,,,,,,,,,
KV,NL0011220108,EUR,"% 97,14","+0,03","+0,03%","97,107","97,12","97,15",17:07:09,R
NEDERL.25%15JUL25F,,,,,,,,,,
KV,NL0011819040,EUR,"% 95,33","-0,09","-0,09%","95,421","95,33","95,45",15:24:21,R
NEDERLAND0.5%JUL26F,,,,,,,,,,
KV,NLBG | NL0009446418,EUR,"% 110,57","+0,09","+0,09%","110,471","110,09","110,57",17:17:01,R
NEDERLD 10-42F,,,,,,,,,,
KV,NL1T | NL0010721999,EUR,"% 97,28","+0,19","+0,20%","97,082","96,56","97,29",17:00:07,R
NEDERLD 14-47F,,,,,,,,,,
KV,NLA2 | NL0011220108,EUR,"% 97,08","-0,02","-0,02%","97,107","97,07","97,12",17:00:07,R
NEDERLD 15-25F,,,,,,,,,,
KV,CA639832AA25,CAD,% —,—,—%,—,—,—,09-02-16,R
"NEDWBK CAD 5,2%25D",,,,,,,,,,
KV,XS1648298559,EUR,"% 97,24","-0,14","-0,14%","97,385","97,24","97,24",10:12:57,R
NESTLE HLDGS 17/25 MTNA,,,,,,,,,,
KV,ZRW3 | DE000A2NBR88,EUR,"% 100,50","-4,00","-3,82%","104,50","100,50","100,50",12:06:10,R
NEUE ZWL ZAHNRADW. 18/24D,,,,,,,,,,
KV,XS0249580357,EUR,"% 75,50","-4,50","-5,62%","80,00","75,50","75,50",17:00:21,R
NIBC BANK 06/UND. FLRD,,,,,,,,,,
KV,XS0249580357,EUR,% —,—,—%,"80,00",—,—,—,R
NIBC FRNPLD,,,,,,,,,,
KV,XS0215294512,USD,% —,—,—%,"87,00",—,—,—,R
NIBC FRNPLD,,,,,,,,,,
KV,NLBA | NL0011819040,EUR,"% 95,39","-0,03","-0,03%","95,421","95,34","95,42",17:17:01,R
NIEDERLANDE 16-26F,,,,,,,,,,
KV,NLA6 | NL0012171458,EUR,"% 94,22","-0,09","-0,10%","94,318","94,13","94,22",17:00:07,R
NIEDERLANDE 17-27F,,,,,,,,,,
KV,NL0015614579,EUR,"% 46,28","-0,17","-0,37%","46,453","45,93","46,28",17:00:21,R
NIEDERLANDE 20/52F,,,,,,,,,,
KV,NL00150012X2,EUR,"% 82,16","+0,16","+0,20%","81,992","81,37","82,18",17:00:08,R
NIEDERLANDE 22/54F,,,,,,,,,,
KV,DE000A2E4GS9,EUR,"% 93,09","+0,10","+0,10%","92,99","93,09","93,09",10:12:57,R
NIEDERS.SCH.A.17/27 A.872F,,,,,,,,,,
KV,NL0015614579,EUR,% —,—,—%,"46,453",—,—,—,R
NL 0% DSL 15JAN52F,,,,,,,,,,
KV,NL0014555419,EUR,"% 85,20","+0,13","+0,15%","85,065","85,01","85,20",10:26:17,R
NL 0% DSL 15JUL30F,,,,,,,,,,
KV,NL0015000QL2,EUR,"% 95,54","-0,06","-0,06%","95,602","95,54","95,68",17:17:50,R
NL 0% DSL15JAN2026F,,,,,,,,,,
KV,NL0012171458,EUR,"% 94,25","-0,06","-0,07%","94,318","94,25","94,25",13:44:35,R
"NL 0,75% 15JUL27F",,,,,,,,,,
KV,NL0013332430,EUR,"% 88,60","-0,03","-0,04%","88,636","88,60","88,60",13:37:32,R
NL 0.25% 15JUL29F,,,,,,,,,,
KV,NL0012818504,EUR,"% 92,94","+0,34","+0,37%","92,593","92,94","92,94",15:28:04,R
NL 0.75% 15JUL28F,,,,,,,,,,
KV,NL0010733424,EUR,"% 99,97","0,00","0,00%","99,974","99,97","99,98",16:05:49,R
NL 2%15JUL2024F,,,,,,,,,,
KV,NL0010721999,EUR,"% 97,00","-0,08","-0,08%","97,082","97,00","97,00",12:29:03,R
NL 2.75%15JAN47F,,,,,,,,,,
KV,NL0009446418,EUR,"% 111,19","+0,71","+0,65%","110,471","110,10","111,19",15:31:53,R
NL 3.75% 15JAN42F,,,,,,,,,,
KV,NL0015031501,EUR,"% 93,54","+0,25","+0,27%","93,287","93,51","93,54",17:26:49,R
NL DSL 15JAN2027F,,,,,,,,,,
KV,NL2X2 | NL00150012X2,EUR,% —,—,—%,"81,992",—,—,—,R
NL2% DSL 15JAN54F,,,,,,,,,,
KV,NL0015001AM2,EUR,"% 98,30","+0,70","+0,72%","97,596","97,52","98,35",16:37:06,R
NL2.5% DSL 15JUL33F,,,,,,,,,,
KV,NL0013552060,EUR,"% 68,71","-1,16","-1,66%","69,872","68,71","70,57",16:07:12,R
NLGREN0.50%15JAN40F,,,,,,,,,,
KV,NL0000003572,EUR,% —,—,—%,—,—,—,—,R
NLRENTE ZC15JAN35F,,,,,,,,,,
KV,NL0000003598,EUR,% —,—,—%,"68,00",—,—,—,R
NLRENTEZC15JAN37F,,,,,,,,,,
KV,DE000NLB8E26,EUR,"% 98,10","-0,40","-0,40%","98,50","98,10","98,10",10:12:57,R
NORDLB NACHR.IS.14/24D,,,,,,,,,,
KV,DE000NLB1DD3,EUR,"% 97,85","0,00","0,00%","97,85","97,85","97,94",17:10:52,R
NORDLB NACHRANG 2015D,,,,,,,,,,
KV,DE000NLB8K69,EUR,"% 99,50","+0,30","+0,30%","99,20","99,50","99,50",17:10:53,R
NORDLB NACHRANG 2016C,,,,,,,,,,
KV,XS0869315241,EUR,"% 79,64","-5,64","-6,61%","85,281","79,64","79,64",10:12:57,R
NOVO BANCO S.A. 13/43D,,,,,,,,,,
KV,XS0897950878,EUR,"% 84,44","+0,20","+0,23%","84,24","84,44","84,44",10:12:57,R
NOVO BANCO S.A. 13/43D,,,,,,,,,,
KV,XS0972653132,EUR,"% 21,50",—,—%,—,"21,50","21,50",17:00:15,R
NOVO BANCO S.A. 13/48 ZOD,,,,,,,,,,
KV,XS1034421419,EUR,"% 23,00","-7,68","-25,03%","30,681","23,00","23,00",17:00:15,R
NOVO BANCO S.A. 14/49 ZOD,,,,,,,,,,
KV,XS1031115014,EUR,"% 28,67",—,—%,—,"28,65","28,67",17:00:15,R
NOVO BANCO S.A. 14/49 ZOD,,,,,,,,,,
KV,XS1055501974,EUR,"% 26,81","-0,85","-3,09%","27,667","26,64","26,81",17:00:15,R
NOVO BANCO S.A. 14/52 ZOD,,,,,,,,,,
KV,ETANW | FR0013451507,EUR,"% 85,92","+0,36","+0,42%","85,556","85,50","85,92",13:49:17,R
OAT 0% 25NOV29F,,,,,,,,,,
KV,ETAMU | FR0013154028,EUR,% —,—,—%,"62,939",—,—,—,R
OAT 1.75%25MAI66F,,,,,,,,,,
KV,ETALL | FR0010916924,EUR,% —,—,—%,"100,714",—,—,—,R
OAT 3.50%25APR26F,,,,,,,,,,
KV,ETAPO | FR0014007TY9,EUR,"% 97,90","+0,05","+0,05%","97,848","97,90","97,90",10:57:16,R
OAT0%25FEB2025F,,,,,,,,,,
KV,ETANV | FR0013415627,EUR,"% 97,67","+0,08","+0,08%","97,583","97,67","97,67",10:56:55,R
OAT0%25MARS2025F,,,,,,,,,,
KV,ETAPC | FR0013516549,EUR,% —,—,—%,"82,952",—,—,—,R
OAT0%25NOV2030F,,,,,,,,,,
KV,ETAPA | FR0013508470,EUR,"% 95,10","+0,03","+0,03%","95,063","95,10","95,20",10:41:34,R
OAT0%FEV26F,,,,,,,,,,
KV,ETANS | FR0013407236,EUR,% —,—,—%,"88,992",—,—,—,R
OAT0.50%25MAY29F,,,,,,,,,,
KV,ETANZ | FR0013480613,EUR,% —,—,—%,"51,164",—,—,—,R
OAT0.75%25MAY52F,,,,,,,,,,
KV,ETANM | FR0013341682,EUR,% —,—,—%,"91,134",—,—,—,R
OAT0.75%25NOV28F,,,,,,,,,,
KV,ETAMP | FR0012993103,EUR,"% 90,58","-0,32","-0,35%","90,903","90,58","90,58",16:13:14,R
"OAT1,50%25MAI2031F",,,,,,,,,,
KV,ETANJ | FR0013313582,EUR,% —,—,—%,"83,889",—,—,—,R
OAT1.25%25MAI2034F,,,,,,,,,,
KV,ETAGI | FR0010171975,EUR,"% 108,33","+1,40","+1,31%","106,922","108,27","108,33",15:52:19,R
OAT4%25APR55F,,,,,,,,,,
KV,ETAHK | FR0010371401,EUR,"% 106,53","-0,50","-0,47%","107,034","106,53","106,53",14:30:03,R
OAT4%25OCT38F,,,,,,,,,,
KV,ETAHZ | FR0010773192,EUR,% —,—,—%,"113,36",—,—,—,R
"OAT4,5%25AVR41F",,,,,,,,,,
KV,ETAFE | FR0010070060,EUR,% —,—,—%,"113,708",—,—,—,R
"OAT4,75%25APR35F",,,,,,,,,,
KV,ETALD | FR0010870956,EUR,% —,—,—%,"107,968",—,—,—,R
OAT4.00%25AVRIL60F,,,,,,,,,,
KV,ETACW | FR0000571218,EUR,"% 110,54","-0,57","-0,51%","111,116","110,54","110,54",13:50:10,R
"OAT5,5%25APR29F",,,,,,,,,,
KV,ETAAH | FR0000187635,EUR,% —,—,—%,"119,153",—,—,—,R
"OAT5,75%25OCT32F",,,,,,,,,,
KV,ETACU | FR0000571150,EUR,"% 103,78","+0,36","+0,34%","103,42","103,78","103,78",10:57:08,R
OAT6%25OCT25F,,,,,,,,,,
KV,ZZXH | XS1071747023,EUR,"% 96,575","-0,05","-0,05%","96,632","96,425","96,58",17:17:01,R
OEBB INFRAST 14/29 MTNA,,,,,,,,,,
KV,OET8 | AT0000A0U299,EUR,"% 110,73","-0,69","-0,62%","111,423","110,00","110,73",17:00:23,R
OESTERR. 12/62D,,,,,,,,,,
KV,OSTD | AT0000A185T1,EUR,"% 99,23","-0,21","-0,21%","99,443","99,195","99,262",17:10:52,R
OESTERR. 14/24A,,,,,,,,,,
KV,OETE | AT0000A1FAP5,EUR,"% 97,39","-0,07","-0,07%","97,462","97,36","97,429",17:20:04,R
OESTERR. 15/25A,,,,,,,,,,
KV,AT0000A1PEF7,EUR,"% 58,33","+0,27","+0,47%","58,053","54,79","58,39",17:20:04,R
OESTERR. 16/86A,,,,,,,,,,
KV,OETL | AT0000A1VGK0,EUR,"% 93,745","+0,01","+0,02%","93,726","93,555","93,745",17:20:04,R
OESTERR. 17/27A,,,,,,,,,,
KV,AT0000A28KX7,EUR,"% 99,892","-0,04","-0,04%","99,936","99,872","99,892",17:20:04,R
OESTERREICH 19/24 MTNA,,,,,,,,,,
KV,AT0000A2HLC4,EUR,"% 43,78","+0,10","+0,23%","43,677","43,50","43,83",17:20:04,R
OESTERREICH 20/2120 MTNA,,,,,,,,,,
KV,XS1294343337,EUR,"% 102,41","-0,33","-0,32%","102,74","102,01","102,42",17:00:07,R
OMV AG 15-UND. FLRD,,,,,,,,,,
KV,XS1734689620,EUR,"% 94,64","-0,12","-0,13%","94,763","94,455","94,65",17:00:07,R
OMV AG 17/26 MTNB,,,,,,,,,,
KV,AA261 | AT0000383864,EUR,"% 110,00","+0,50","+0,46%","109,492","110,00","110,00",15:47:15,R
OOSTNRIJK 6 1/4%27F,,,,,,,,,,
KV,FTEI | FR0000471930,EUR,"% 133,60","-0,79","-0,58%","134,39","133,60","133,60",10:12:57,R
ORANGE 03/33 MTND,,,,,,,,,,
KV,OTEL | PTOTELOE0028,EUR,% —,—,—%,"86,833",—,—,—,R
"OT 0,475% 18JAN30D",,,,,,,,,,
KV,OTEX | PTOTEXOE0024,EUR,% —,—,—%,"96,389",—,—,—,R
"OT 1,95% 15JUN29B",,,,,,,,,,
KV,OTEV | PTOTEVOE0018,EUR,% —,—,—%,"97,701",—,—,—,R
"OT 2,125%17OCT28B",,,,,,,,,,
KV,OTEW | PTOTEWOE0017,EUR,"% 93,05","+0,08","+0,09%","92,965","93,05","93,05",15:00:58,R
"OT 2,25% 18APR34B",,,,,,,,,,
KV,BOTEK | PTOTEKOE0011,EUR,% —,—,—%,"99,722",—,—,—,R
"OT 2,875%15OCT25D",,,,,,,,,,
KV,OTRVG | PTOTVMOE0000,EUR,"% 100,75","-0,02","-0,02%","100,77","100,75","100,75",09:48:59,R
OTRV FRN 23JUL25D,,,,,,,,,,
KV,XS1853998182,EUR,"% 99,30","-0,26","-0,26%","99,561","99,30","99,30",17:00:22,R
OTTO GCKG NTS.18/UNBEFR.D,,,,,,,,,,
KV,DE000A2GSB86,EUR,"% 58,00","0,00","0,00%","58,00","58,00","60,00",17:10:53,R
PARAGON IHS 17/27D,,,,,,,,,,
KV,DE000A3H2TU8,EUR,"% 91,50","+0,50","+0,54%","91,00","91,00","91,50",17:18:42,R
PAUL TECH AG IHS.20/25D,,,,,,,,,,
KV,DE000A2YN1K5,EUR,"% 97,00","0,00","0,00%","97,00","97,00","97,00",10:12:57,R
PCC SE ITV.19/25D,,,,,,,,,,
KV,XS1766612672,EUR,"% 95,805","+0,07","+0,08%","95,727","95,74","95,82",17:00:08,R
POLEN 18/26 MTND,,,,,,,,,,
KV,P9TN | PTOTE5OE0007,EUR,"% 108,38","+0,28","+0,26%","108,096","107,75","108,42",17:00:08,R
PORTUGAL 06-37C,,,,,,,,,,
KV,PTOTEBOE0020,EUR,"% 107,73","+0,47","+0,44%","107,257","106,82","107,81",17:00:08,R
PORTUGAL 15-45D,,,,,,,,,,
KV,PTOTETOE0012,EUR,"% 99,31","-0,64","-0,64%","99,955","99,30","99,31",13:06:09,R
PORTUGAL 16-26C,,,,,,,,,,
KV,PTOTEUOE0019,EUR,"% 103,50","-0,02","-0,02%","103,524","103,315","103,50",17:00:06,R
PORTUGAL 17-27C,,,,,,,,,,
KV,PTOTEVOE0018,EUR,"% 97,68","-0,02","-0,02%","97,701","97,52","97,68",17:00:21,R
PORTUGAL 18-28B,,,,,,,,,,
KV,DE000A2AASM1,EUR,"% 96,995","+8,49","+9,59%","88,50","95,505","96,995",14:57:56,R
PROKON REG.ANL.16(17-30)D,,,,,,,,,,
KV,DE000A254RV3,EUR,"% 13,02","+1,02","+8,50%","12,00","13,02","13,02",05-07-24,R
PUBLITY AG ANL.20/25D,,,,,,,,,,
KV,XS1382784509,EUR,"% 96,60","+0,10","+0,11%","96,494","96,50","96,75",17:10:45,R
RABO1.25%23MAR2026A,,,,,,,,,,
KV,XS1180130939,EUR,"% 95,62","-0,59","-0,61%","96,211","95,62","95,62",16:57:36,R
RABO1.375%3FEB27B,,,,,,,,,,
KV,RABO | XS1002121454,EUR,"% 109,48","+0,19","+0,17%","109,29","109,24","109,48",17:35:11,R
RABOCERTIFFRNPLA,,,,,,,,,,
KV,XS0525602339,EUR,"% 100,98","+0,38","+0,37%","100,60","100,92","100,98",14:05:33,R
RB 4.125%14JUL25B,,,,,,,,,,
KV,XS0211284491,EUR,% —,—,—%,"86,786",—,—,—,R
RB FX/IL FRNFEB35D,,,,,,,,,,
KV,RCICW | FR0013334695,EUR,% —,—,—%,"96,397",—,—,—,R
RCIBAN1.625%MAY26B,,,,,,,,,,
KV,DE000A289R82,EUR,"% 99,00","0,00","0,00%","99,00","99,00","99,00",17:10:52,R
RECONCEPT IHS 20/25D,,,,,,,,,,
KV,RNL2 | FR0013299435,EUR,"% 95,988","-0,15","-0,16%","96,146","95,988","95,988",08:23:45,R
RENAULT 17-25 MTNC,,,,,,,,,,
KV,RNL | FR0000140014,EUR,"% 335,05","+1,05","+0,31%","334,00","331,01","345,00",16:55:55,R
RENAULTPFRN24OCT49B,,,,,,,,,,
KV,OFBP | FR0011461037,EUR,"% 96,66","+0,46","+0,48%","96,198","95,77","96,66",16:00:39,R
REP. FSE 13/45 O.A.T.F,,,,,,,,,,
KV,5RFY | FR0011962398,EUR,"% 99,31","0,00","0,00%","99,319","99,29","99,34",17:00:07,R
REP. FSE 14-24 O.A.T.F,,,,,,,,,,
KV,FTAW | FR0011883966,EUR,"% 97,72","+0,18","+0,18%","97,539","97,345","97,72",17:17:01,R
REP. FSE 14-30 O.A.T.F,,,,,,,,,,
KV,F1R1 | FR0013200813,EUR,"% 93,68","-0,01","-0,01%","93,696","93,58","93,69",17:20:04,R
REP. FSE 16-26 O.A.T.F,,,,,,,,,,
KV,5RF6 | FR0013250560,EUR,"% 94,585","-0,01","-0,01%","94,595","94,44","94,59",17:20:04,R
REP. FSE 17-27 O.A.T.F,,,,,,,,,,
KV,5RFC | FR0013257524,EUR,"% 74,70","-0,69","-0,92%","75,397","74,70","74,70",10:12:57,R
REP. FSE 17-48 O.A.T.F,,,,,,,,,,
KV,R1WF | XS1084874533,EUR,"% 88,34","+0,61","+0,69%","87,73","88,34","88,34",08:23:46,R
ROBERT BOSCH MTN.14/39D,,,,,,,,,,
KV,XS0197703118,EUR,"% 74,10","-2,67","-3,48%","76,776","74,10","75,05",17:00:21,R
ROTHSCH.+CO CONT.F.04/UNDD,,,,,,,,,,
KV,XS1129788524,EUR,"% 98,54","-1,20","-1,21%","99,747","98,54","98,54",10:12:57,R
RUMAENIEN 14/24 MTND,,,,,,,,,,
KV,RUMB | XS1313004928,EUR,"% 84,50","-0,79","-0,93%","85,299","84,50","84,50",10:12:57,R
RUMAENIEN 15/35 MTN REGSD,,,,,,,,,,
KV,XS1420357318,EUR,"% 94,465","-0,02","-0,02%","94,485","94,295","94,645",17:17:01,R
RUMAENIEN 16/28 MTN REGSD,,,,,,,,,,
KV,XS1768067297,EUR,"% 87,475","-0,17","-0,19%","87,646","87,475","87,475",08:23:46,R
RUMAENIEN 18/30 MTN REGSD,,,,,,,,,,
KV,XS1768074319,EUR,"% 76,73","-0,20","-0,26%","76,933","76,50","76,73",17:00:21,R
RUMAENIEN 18/38 MTN REGSD,,,,,,,,,,
KV,XS1892127470,EUR,"% 83,37","-0,17","-0,20%","83,54","83,16","83,37",17:10:52,R
RUMAENIEN 18/39 MTN REGSD,,,,,,,,,,
KV,XS2109813142,EUR,"% 67,21","-0,02","-0,04%","67,237","66,77","67,21",17:00:07,R
RUMAENIEN 20/50 MTN REGSD,,,,,,,,,,
KV,XS1219499032,EUR,"% 98,85","-0,46","-0,46%","99,315","98,73","98,86",17:00:21,R
RWE AG SUB.ANL.15/75D,,,,,,,,,,
KV,SN5A | DE000A1TNA70,EUR,"% 87,09","-1,16","-1,31%","88,25","87,09","87,09",10:12:57,R
SANHA ANL 13/26 STZD,,,,,,,,,,
KV,XS0202197694,EUR,% —,—,—%,"84,931",—,—,—,R
SANTANDER FRNPLC,,,,,,,,,,
KV,SLH1 | DE000A2YN256,EUR,"% 12,81","+0,08","+0,62%","12,73","12,80","12,81",17:10:53,R
SCHLOTE HOLD ANL.19/24D,,,,,,,,,,
KV,DE000A2YPAJ3,EUR,"% 100,25","+0,18","+0,18%","100,063","100,25","100,25",17:00:21,R
SEMPER IDEM ANL 19/25D,,,,,,,,,,
KV,FR0000585564,EUR,% —,—,—%,—,—,—,—,R
SG TITRE SUB TMOD,,,,,,,,,,
KV,PTSINCOM0001,EUR,% —,—,—%,—,—,—,—,ED
"SIC 5,95% 3JUL28D",,,,,,,,,,
KV,BSINB | PTSINBOM0002,EUR,"% 98,80","+0,24","+0,24%","98,56","98,80","98,80",14:19:39,R
SIC3.95%11JUN2025D,,,,,,,,,,
KV,SI9V | XS2049616894,EUR,"% 75,88","-0,32","-0,42%","76,202","75,88","75,88",08:23:46,R
SIEMENS FIN 19/34 MTNB,,,,,,,,,,
KV,SNGB | DE000A2AA5H5,EUR,"% 70,90","+1,40","+2,01%","69,50","69,50","71,00",16:37:22,R
SINGULUS TECHN. AG 16/26D,,,,,,,,,,
KV,BSLBC | PTSLBCOM0018,EUR,% —,—,—%,"99,50",—,—,—,R
SLB 4% 28JUL2024D,,,,,,,,,,
KV,BSLSM | PTSLBMOM0016,EUR,% —,—,—%,"99,00",—,—,—,R
"SLB 4,6% 01JUN25D",,,,,,,,,,
KV,BSLBN | PTSLBNOM0007,EUR,"% 100,40","+0,03","+0,03%","100,37","100,40","100,40",17:06:15,R
"SLB 5,75%17MAY26D",,,,,,,,,,
KV,XS0209792166,EUR,% —,—,—%,"92,60",—,—,—,R
SNS BK FRNJAN35D,,,,,,,,,,
KV,QS32 | FR0013237484,EUR,"% 72,00","+50,45","+234,24%","21,541","72,00","72,00",13-10-20,R
SOLOCAL GRP 17/25 FLRC,,,,,,,,,,
KV,STIA | DE000A2NBZ21,EUR,"% 83,50","+0,30","+0,36%","83,20","83,10","83,50",17:10:51,R
SOWITEC GROUP ANL.18/26D,,,,,,,,,,
KV,OE8M | ES0000012411,EUR,"% 118,72","+0,25","+0,21%","118,47","118,26","118,73",17:20:04,R
SPANIEN 01-32 30.07B,,,,,,,,,,
KV,OE8D | ES0000012932,EUR,"% 107,81","+0,32","+0,29%","107,489","106,35","107,81",17:20:04,R
SPANIEN 05-37B,,,,,,,,,,
KV,OE8N | ES00000120N0,EUR,"% 114,73","-0,14","-0,12%","114,871","114,27","114,73",17:00:21,R
SPANIEN 07/40B,,,,,,,,,,
KV,OE8L | ES00000122E5,EUR,"% 101,303","-0,01","-0,01%","101,317","101,258","101,31",17:20:04,R
SPANIEN 10-25B,,,,,,,,,,
KV,OE82 | ES00000123C7,EUR,"% 105,55","0,00","0,00%","105,542","105,47","105,55",17:00:07,R
SPANIEN 11-26B,,,,,,,,,,
KV,OE8U | ES00000124H4,EUR,"% 120,21","+0,53","+0,44%","119,676","119,37","120,21",16:00:39,R
SPANIEN 13-44B,,,,,,,,,,
KV,4SNK | ES00000126B2,EUR,"% 99,23","-0,50","-0,50%","99,732","99,23","99,23",10:12:58,R
SPANIEN 14-24B,,,,,,,,,,
KV,4SNZ | ES00000126D8,EUR,"% 109,00","+3,81","+3,62%","105,184","109,00","109,00",17:17:01,R
SPANIEN 14-64B,,,,,,,,,,
KV,OE1V | ES00000127G9,EUR,"% 98,45","-0,21","-0,21%","98,666","98,45","98,45",10:12:57,R
SPANIEN 15-25B,,,,,,,,,,
KV,OE8G | ES00000127A2,EUR,"% 94,435","+0,16","+0,17%","94,274","94,13","94,435",17:17:01,R
SPANIEN 15-30B,,,,,,,,,,
KV,OE1F | ES00000128H5,EUR,"% 96,01","-0,21","-0,22%","96,227","95,95","96,51",17:00:21,R
SPANIEN 16-26B,,,,,,,,,,
KV,OE8C | ES00000127Z9,EUR,"% 97,988","-0,01","-0,01%","97,999","97,89","97,994",17:20:04,R
SPANIEN 16-26B,,,,,,,,,,
KV,4SN2 | ES00000128C6,EUR,"% 87,44","+0,41","+0,47%","87,023","86,77","87,50",17:00:07,R
SPANIEN 16-46B,,,,,,,,,,
KV,4SN3 | ES00000128E2,EUR,"% 90,89","+0,67","+0,74%","90,215","89,09","90,89",17:17:01,R
SPANIEN 16-66B,,,,,,,,,,
KV,OE8S | ES0000012A89,EUR,"% 95,32","+0,05","+0,05%","95,264","95,19","95,33",17:00:08,R
SPANIEN 17-27B,,,,,,,,,,
KV,4SN9 | ES00000128Q6,EUR,"% 92,94","-0,34","-0,36%","93,28","92,70","93,88",17:00:21,R
SPANIEN 17-33B,,,,,,,,,,
KV,ES0000012J15,EUR,"% 92,71","+0,09","+0,09%","92,618","92,55","92,71",17:14:19,R
SPANIEN 21/27B,,,,,,,,,,
KV,ES0000012K95,EUR,"% 95,63","-0,12","-0,13%","95,758","95,13","95,63",17:00:21,R
SPANIEN 22/43B,,,,,,,,,,
KV,ES0000012L52,EUR,"% 99,84","+0,27","+0,27%","99,562","99,38","99,84",17:17:01,R
SPANIEN 23/33B,,,,,,,,,,
KV,ES0000012L60,EUR,"% 103,03","-0,01","-0,01%","103,047","103,03","103,03",10:12:57,R
SPANIEN 23/39B,,,,,,,,,,
KV,S3IC | XS1724873275,EUR,"% 96,161","-0,30","-0,31%","96,462","96,161","96,174",08:33:06,R
SUEDZUCKER INTL 17/25D,,,,,,,,,,
KV,S3IA | XS0222524372,EUR,"% 101,00","+1,34","+1,35%","99,654","100,75","101,30",17:10:51,R
SUEDZUCKER INTL05/UND.FLRC,,,,,,,,,,
KV,XS0205055675,EUR,% —,—,—%,"81,705",—,—,—,R
SYDBANK 2.812%PLD,,,,,,,,,,
KV,OLFC | XS0161100515,EUR,"% 115,82","-0,75","-0,64%","116,57","115,81","115,94",17:20:04,R
TEL. IT FIN. 03/33 MTNC,,,,,,,,,,
KV,TLNC | XS0162869076,EUR,"% 116,71","-0,74","-0,63%","117,453","116,71","116,71",08:23:46,R
TELEFON. EUROPE 03/33 MTNB,,,,,,,,,,
KV,YFTRN | FR0010532739,EUR,% —,—,—%,—,—,—,—,R
THEOLIA OCANES2041D,,,,,,,,,,
KV,TKAF | DE000A14J587,EUR,"% 98,942","+0,02","+0,02%","98,915","98,916","98,942",08:30:43,R
THYSSENKRUPP MTN 15/25C,,,,,,,,,,
KV,TCIBP | XS1693818525,EUR,% —,—,—%,—,—,—,—,R
TOTCIN1.375%OCT29A,,,,,,,,,,
KV,BTRVB | PTTRVBOE0000,EUR,% —,—,—%,"84,675",—,—,—,R
TRANQ.VIDA FRNPLD,,,,,,,,,,
KV,DE000HV2AMT6,EUR,"% 94,972","-0,03","-0,03%","95,006","94,94","94,972",17:10:54,R
UC-HVB PF 1893A,,,,,,,,,,
KV,XS2181689659,EUR,"% 75,60","-0,24","-0,32%","75,849","75,41","75,60",17:00:08,R
UNGARN 20/35B,,,,,,,,,,
KV,XS2558594391,EUR,"% 102,83","-0,28","-0,27%","103,117","102,80","103,41",17:20:04,R
UNGARN 22/27C,,,,,,,,,,
KV,PTVAACOM0009,EUR,% —,—,—%,—,—,—,—,ED
"VAA 5,3% 20MAY29D",,,,,,,,,,
KV,VACA | FR0012188456,EUR,"% 100,00",—,—%,—,"100,00","100,00",25-06-21,R
VALLOUREC 14/24D,,,,,,,,,,
KV,DE000A254NF5,EUR,"% 69,00","0,00","0,00%","69,00","69,00","69,00",10:12:57,R
VEGANZ GROUP IHS 20/25D,,,,,,,,,,
KV,AT0000A1D5E1,EUR,"% 98,39","-0,86","-0,87%","99,259","97,49","98,39",17:00:08,R
VIENNA INS.GRP 15-46 FLRD,,,,,,,,,,
KV,VASA | AT0000A1Y3P7,EUR,"% 98,935","-0,45","-0,45%","99,391","98,935","98,935",08:23:45,R
VOESTALPINE 17/24 MTND,,,,,,,,,,
KV,AT0000A27LQ1,EUR,"% 96,25","-0,37","-0,38%","96,624","96,25","96,25",17:00:21,R
VOESTALPINE 19/26 MTND,,,,,,,,,,
KV,XS1893631769,EUR,"% 97,30","-0,08","-0,08%","97,383","97,30","97,50",17:00:21,R
VOLKSW.FIN.SERV.MTN.18/26B,,,,,,,,,,
KV,XS1734548644,EUR,"% 96,806","-0,02","-0,02%","96,828","96,709","96,825",17:20:04,R
VOLKSWAGEN BK. MTN 17/25D,,,,,,,,,,
KV,XS1048428442,EUR,"% 100,201","+0,23","+0,23%","99,962","100,201","100,30",17:10:52,R
VOLKSWAGEN INTL 14/UNDFLRB,,,,,,,,,,
KV,XS1167667283,EUR,"% 89,73","-0,07","-0,08%","89,804","89,33","90,21",17:00:08,R
VOLKSWAGEN INTL 15/30 MTNB,,,,,,,,,,
KV,XS1206541366,EUR,"% 90,01","-0,39","-0,44%","90,408","89,34","90,01",17:00:06,R
VOLKSWAGEN INTL 15/UN.FLRB,,,,,,,,,,
KV,VWLC | XS2343821794,EUR,% —,—,—%,—,—,—,—,ED
VOLKSWAGEN LEASING 21/24D,,,,,,,,,,
KV,VWLE | XS2343822503,EUR,% —,—,—%,—,—,—,—,ED
VOLKSWAGEN LEASING 21/29B,,,,,,,,,,
KV,DE000A1ZY989,EUR,"% 96,81","-1,56","-1,58%","98,371","96,81","96,81",10:12:57,R
VONOVIA SE 15/25 MTNB,,,,,,,,,,
KV,VST2 | DE000A2R1SR7,EUR,"% 0,30","0,00","0,00%","0,30","0,30","0,30",25-06-24,R
VST BUILDING TECH. 19/24D,,,,,,,,,,
KV,AT0000A1VKJ4,EUR,"% 98,21","-4,79","-4,65%","103,00","98,21","100,10",17:00:08,R
WIENER ST.VERS. 17-27D,,,,,,,,,,
KV,WLV3 | XS1064049767,EUR,"% 99,95","+0,14","+0,14%","99,81","99,95","99,95",17:00:22,R
WUERTTEMB.LEBENSVER.14/44D,,,,,,,,,,
KV,XS1314321941,EUR,"% 101,44","-0,45","-0,44%","101,893","100,85","101,44",17:00:07,R
ZYPERN 15/25 MTNC,,,,,,,,,,
